name,rating,genre,release_year,movie_runtime,imdb_link
The Shawshank Redemption,9.3,Epic / Period Drama / Prison Drama / Drama / Authentic emotion / Character development / Emotional weight / Enduring legacy / Friendship / Inspirational / Performance / Cinematography / Narration,1994,2h 22m,https://www.imdb.com/title/tt0111161/?ref_=chttp_t_1
The Godfather,9.2,Epic / Gangster / Tragedy / Crime / Drama / Atmospheric / Authentic emotion / Character development / Cinematography / Direction / Enduring legacy / Family dynamics / Iconic lines / Iconic performance / Narrative complexity,1972,2h 55m,https://www.imdb.com/title/tt0068646/?ref_=chttp_t_2
The Dark Knight,9.0,Action Epic / Epic / Superhero / Tragedy / Action / Crime / Drama / Thriller / Action sequences / Cinematography / Direction / Standout performance / Adaptation / Dark tone / Philosophical elements / Character development / Pacing,2008,2h 32m,https://www.imdb.com/title/tt0468569/?ref_=chttp_t_3
The Godfather Part II,9.0,Epic / Gangster / Tragedy / Crime / Drama / Atmospheric / Cinematography / Production design / Character development / Duality / Family dynamics / Inner conflict / Legacy / Morality / Narrative complexity,1974,3h 22m,https://www.imdb.com/title/tt0071562/?ref_=chttp_t_4
12 Angry Men,9.0,Legal Drama / Psychological Drama / Crime / Drama / Authentic emotion / Direction / Dramatic tension / Great ensemble / Morality / Social commentary / Suspenseful / Thought-provoking / Writing,1957,1h 36m,https://www.imdb.com/title/tt0050083/?ref_=chttp_t_5
The Lord of the Rings: The Return of the King,9.0,Action Epic / Adventure Epic / Epic / Fantasy Epic / Mountain Adventure / Quest / Sword & Sorcery / Tragedy / Adventure / Drama / Action sequences / Atmospheric / Authentic emotion / Character development / Cinematography / Enduring legacy / Epic / Iconic ending / Adaptation,2003,3h 21m,https://www.imdb.com/title/tt0167260/?ref_=chttp_t_6
Schindler's List,9.0,Docudrama / Epic / Historical Epic / Period Drama / Prison Drama / Tragedy / Biography / Drama / History / Atmospheric / Authentic emotion / Character development / Cinematography / Direction / Historical accuracy / Musical score / Performance / Symbolism,1993,3h 15m,https://www.imdb.com/title/tt0108052/?ref_=chttp_t_7
Pulp Fiction,8.8,Dark Comedy / Drug Crime / Gangster / Crime / Drama / Atmospheric / Authentic emotion / Cinematography / Comedic brilliance / Dark humor / Genre blending / Iconic soundtrack / Non-linear structure,1994,2h 34m,https://www.imdb.com/title/tt0110912/?ref_=chttp_t_8
The Lord of the Rings: The Fellowship of the Ring,8.9,Action Epic / Adventure Epic / Dark Fantasy / Epic / Fantasy Epic / Quest / Sword & Sorcery / Adventure / Drama / Fantasy / Adaptation / Ambitious / Authentic emotion / Character development / Cinematography / Epic / Friendship / Production design / Special effects / Worldbuilding,2001,2h 58m,https://www.imdb.com/title/tt0120737/?ref_=chttp_t_9
"The Good, the Bad and the Ugly",8.8,Adventure Epic / Dark Comedy / Desert Adventure / Epic / Period Drama / Quest / Spaghetti Western / Western Epic / Adventure / Drama / Action sequences / Atmospheric / Cinematography / Direction / Dramatic tension / Great ensemble / Iconic scene / Iconic score / Thin story,1966,2h 58m,https://www.imdb.com/title/tt0060196/?ref_=chttp_t_10
Forrest Gump,8.8,Epic / Drama / Romance / Comedic brilliance / Friendship / Heartfelt / Inspirational / Nostalgic / Personal growth / Adaptation,1994,2h 22m,https://www.imdb.com/title/tt0109830/?ref_=chttp_t_11
The Lord of the Rings: The Two Towers,8.8,Action Epic / Adventure Epic / Dark Fantasy / Epic / Fantasy Epic / Quest / Sword & Sorcery / Adventure / Drama / Fantasy / Action sequences / Character development / Cinematography / Creature design / Dramatic tension / Epic / Friendship / Worldbuilding / Adaptation,2002,2h 59m,https://www.imdb.com/title/tt0167261/?ref_=chttp_t_12
Fight Club,8.8,Dark Comedy / Psychological Drama / Psychological Thriller / Workplace Drama / Crime / Drama / Thriller / Allegorical elements / Cinematography / Direction / Performance / Psychological depth / Social commentary / Sound design / Thought-provoking / Narrative complexity,1999,2h 19m,https://www.imdb.com/title/tt0137523/?ref_=chttp_t_13
Inception,8.8,Action Epic / Adventure Epic / Epic / Psychological Thriller / Sci-Fi Epic / Action / Adventure / Sci-Fi / Thriller / Dreamlike / Iconic ending / Special effects / Thought-provoking / Ambitious / Character development / Narrative complexity / Confusing / Pacing,2010,2h 28m,https://www.imdb.com/title/tt1375666/?ref_=chttp_t_14
Star Wars: Episode V - The Empire Strikes Back,8.7,Action Epic / Adventure Epic / Dark Fantasy / Dystopian Sci-Fi / Epic / Fantasy Epic / Quest / Sci-Fi Epic / Space Sci-Fi / Sword & Sorcery / Action sequences / Character development / Cinematography / Dark tone / Iconic lines / Iconic scene / Iconic score / Special effects / Suspenseful / Worldbuilding,1980,2h 4m,https://www.imdb.com/title/tt0080684/?ref_=chttp_t_15
The Matrix,8.7,Action Epic / Artificial Intelligence / Cyberpunk / Dystopian Sci-Fi / Gun Fu / Martial Arts / Sci-Fi Epic / Action / Sci-Fi / Action sequences / Cinematography / Philosophical elements / Special effects / Thought-provoking / Character development / Dystopian elements / Religious themes,1999,2h 16m,https://www.imdb.com/title/tt0133093/?ref_=chttp_t_16
Goodfellas,8.7,Docudrama / Gangster / True Crime / Biography / Crime / Drama / Character development / Chemistry / Cinematography / Dark humor / Direction / Enduring legacy / Iconic performance / Rewatchable / Soundtrack / Authentic emotion,1990,2h 25m,https://www.imdb.com/title/tt0099685/?ref_=chttp_t_17
Interstellar,8.7,Adventure Epic / Epic / Quest / Sci-Fi Epic / Space Sci-Fi / Time Travel / Adventure / Drama / Sci-Fi / Ambitious / Cinematography / Cosmic wonder / Emotional stakes / Family dynamics / Scientific depth / Soundtrack / Thought-provoking,2014,2h 49m,https://www.imdb.com/title/tt0816692/?ref_=chttp_t_18
One Flew Over the Cuckoo's Nest,8.7,Medical Drama / Psychological Drama / Drama / Freedom / Iconic performance / Performance / Adaptation / Allegorical elements / Dramatic tension / Human experience / Mental health / Social commentary,1975,2h 13m,https://www.imdb.com/title/tt0073486/?ref_=chttp_t_19
Se7en,8.6,Cop Drama / Hard-boiled Detective / Police Procedural / Psychological Drama / Psychological Thriller / Serial Killer / Tragedy / Crime / Drama / Mystery / Atmospheric / Cinematography / Performance / Suspenseful / Thrilling / Philosophical elements / Religious themes / Social commentary / Dark tone,1995,2h 7m,https://www.imdb.com/title/tt0114369/?ref_=chttp_t_20
It's a Wonderful Life,8.6,Feel-Good Romance / Holiday Family / Holiday Romance / Psychological Drama / Supernatural Fantasy / Drama / Family / Fantasy / Holiday / Romance / Family dynamics / Friendship / Heartfelt / Inspirational / Meaning of life / Nostalgic / Religious themes / Traditional values / Social commentary,1946,2h 10m,https://www.imdb.com/title/tt0038650/?ref_=chttp_t_21
The Silence of the Lambs,8.6,Police Procedural / Psychological Drama / Psychological Horror / Psychological Thriller / Serial Killer / Crime / Drama / Horror / Thriller / Atmospheric / Chemistry / Direction / Iconic lines / Iconic performance / Performance / Psychological depth / Suspenseful / Thrilling,1991,1h 58m,https://www.imdb.com/title/tt0102926/?ref_=chttp_t_22
Seven Samurai,8.6,Action Epic / Epic / Period Drama / Samurai / Action / Drama / Artistic vision / Authentic emotion / Character development / Cinematography / Enduring legacy / Historical accuracy / Musical score / Social commentary / Technical achievement,1954,3h 27m,https://www.imdb.com/title/tt0047478/?ref_=chttp_t_23
Saving Private Ryan,8.6,Epic / Period Drama / War Epic / Drama / War / Action sequences / Cinematography / Direction / Emotional weight / Iconic opening / Performance / Realism / Sound design / Technical achievement / Historical accuracy,1998,2h 49m,https://www.imdb.com/title/tt0120815/?ref_=chttp_t_24
City of God,8.6,Caper / Coming-of-Age / Gangster / Crime / Drama / Atmospheric / Authentic emotion / Character development / Cinematography / Direction / Realism / Narrative complexity / Social commentary / Survival / Thought-provoking,2002,2h 10m,https://www.imdb.com/title/tt0317248/?ref_=chttp_t_25
The Green Mile,8.6,Period Drama / Prison Drama / Supernatural Fantasy / Tragedy / Crime / Drama / Fantasy / Mystery / Dramatic tension / Emotional weight / Faith / Friendship / Thought-provoking / Adaptation / Social commentary / Supernatural themes,1999,3h 9m,https://www.imdb.com/title/tt0120689/?ref_=chttp_t_26
Life Is Beautiful,8.6,Period Drama / Romantic Comedy / Tragedy / Tragic Romance / Comedy / Drama / Romance / War / Authentic emotion / Comedic brilliance / Courage / Family dynamics / Heartfelt / Inspirational / Meaning of life / Uplifting / Historical accuracy,1997,1h 56m,https://www.imdb.com/title/tt0118799/?ref_=chttp_t_27
Terminator 2: Judgment Day,8.6,Action Epic / Artificial Intelligence / Cyberpunk / Dystopian Sci-Fi / Sci-Fi Epic / Time Travel / Action / Adventure / Sci-Fi / Action sequences / Character development / Direction / Emotional stakes / Performance / Special effects / Visual spectacle / Dystopian elements / Philosophical elements,1991,2h 17m,https://www.imdb.com/title/tt0103064/?ref_=chttp_t_28
Star Wars: Episode IV - A New Hope,8.6,Action Epic / Adventure Epic / Dystopian Sci-Fi / Epic / Fantasy Epic / Quest / Sci-Fi Epic / Space Sci-Fi / Sword & Sorcery / Action / Generational appeal / Production design / Realism / Special effects / Worldbuilding / Dubbing / Character development / Derivative / Dialogue,1977,2h 1m,https://www.imdb.com/title/tt0076759/?ref_=chttp_t_29
Back to the Future,8.5,High-Concept Comedy / Teen Adventure / Teen Comedy / Time Travel / Urban Adventure / Adventure / Comedy / Sci-Fi / Character development / Chemistry / Comedic brilliance / Generational appeal / Iconic lines / Iconic performance / Iconic score / Nostalgic,1985,1h 56m,https://www.imdb.com/title/tt0088763/?ref_=chttp_t_30
Spirited Away,8.6,Anime / Coming-of-Age / Fairy Tale / Hand-Drawn Animation / Quest / Supernatural Fantasy / Adventure / Animation / Family / Fantasy / Allegorical elements / Character development / Dreamlike / Inspirational / Mythic elements / Surreal / Symbolism / Traditional values / Visual spectacle / Worldbuilding,2001,2h 4m,https://www.imdb.com/title/tt0245429/?ref_=chttp_t_31
The Pianist,8.5,Docudrama / Epic / Period Drama / Tragedy / War Epic / Biography / Drama / Music / War / Atmospheric / Cinematography / Direction / Emotional weight / Historical accuracy / Performance / Production design / Realism / Survival,2002,2h 30m,https://www.imdb.com/title/tt0253474/?ref_=chttp_t_32
Gladiator,8.5,Action Epic / Adventure Epic / Epic / Period Drama / Sword & Sandal / Action / Adventure / Drama / Action sequences / Cinematography / Direction / Epic / Iconic performance / Iconic score / Visual spectacle / Historical accuracy,2000,2h 35m,https://www.imdb.com/title/tt0172495/?ref_=chttp_t_33
Parasite,8.5,Dark Comedy / Psychological Thriller / Tragedy / Drama / Thriller / Cinematography / Dark humor / Direction / Dramatic tension / Suspenseful / Narrative complexity / Social commentary / Symbolism / Thought-provoking,2019,2h 12m,https://www.imdb.com/title/tt6751668/?ref_=chttp_t_34
Psycho,8.5,Dark Comedy / Psychological Horror / Psychological Thriller / Slasher Horror / Suspense Mystery / Drama / Horror / Mystery / Thriller / Atmospheric / Cinematography / Direction / Enduring legacy / Iconic scene / Iconic score / Psychological depth / Standout performance / Suspenseful,1960,1h 49m,https://www.imdb.com/title/tt0054215/?ref_=chttp_t_35
The Lion King,8.5,Animal Adventure / Coming-of-Age / Hand-Drawn Animation / Jungle Adventure / Adventure / Animation / Drama / Family / Musical / Animation style / Character development / Emotional weight / Family dynamics / Generational appeal / Iconic soundtrack / Musical score / Adaptation,1994,1h 28m,https://www.imdb.com/title/tt0110357/?ref_=chttp_t_36
Grave of the Fireflies,8.5,Adult Animation / Anime / Hand-Drawn Animation / Period Drama / Tragedy / Animation / Drama / War / Animation style / Atmospheric / Authentic emotion / Family dynamics / Historical accuracy / Realism / Symbolism / Social commentary / Emotional weight,1988,1h 28m,https://www.imdb.com/title/tt0095327/?ref_=chttp_t_37
The Departed,8.5,Cop Drama / Epic / Gangster / Crime / Drama / Thriller / Dialogue / Direction / Performance / Standout performance / Suspenseful / Thrilling / Character development / Cinematography / Adaptation / Satisfying ending,2006,2h 31m,https://www.imdb.com/title/tt0407887/?ref_=chttp_t_38
Whiplash,8.5,Psychological Drama / Drama / Music / Ambitious / Authentic emotion / Character development / Cinematography / Dramatic tension / Editing / Inspirational / Performance / Emotional weight,2014,1h 46m,https://www.imdb.com/title/tt2582802/?ref_=chttp_t_39
Harakiri,8.6,Period Drama / Drama / Mystery / Authentic emotion / Cinematography / Direction / Historical accuracy / Morality / Narrative complexity / Symbolism / Social commentary,1962,2h 13m,https://www.imdb.com/title/tt0056058/?ref_=chttp_t_40
The Prestige,8.5,Period Drama / Steampunk / Tragedy / Drama / Mystery / Sci-Fi / Thriller / Ambitious / Cinematography / Direction / Performance / Character development / Dark tone / Narrative complexity / Unpredictable,2006,2h 10m,https://www.imdb.com/title/tt0482571/?ref_=chttp_t_41
American History X,8.5,Prison Drama / Psychological Drama / Tragedy / Crime / Drama / Character development / Cinematography / Performance / Thought-provoking / Family dynamics / Social commentary / Uneven quality,1998,1h 59m,https://www.imdb.com/title/tt0120586/?ref_=chttp_t_42
Léon: The Professional,8.5,Gangster / One-Person Army Action / Action / Crime / Drama / Thriller / Action sequences / Atmospheric / Authentic emotion / Character development / Chemistry / Cinematography / Dramatic tension / Performance / Standout performance,1994,1h 50m,https://www.imdb.com/title/tt0110413/?ref_=chttp_t_43
Spider-Man: Across the Spider-Verse,8.5,Computer Animation / Superhero / Supernatural Fantasy / Teen Adventure / Urban Adventure / Action / Adventure / Animation / Family / Fantasy / Action sequences / Animation style / Emotional stakes / Soundtrack / Technical achievement / Visual innovation / Character development / Family dynamics / Pacing,2023,2h 20m,https://www.imdb.com/title/tt9362722/?ref_=chttp_t_44
Casablanca,8.5,Psychological Drama / Drama / Romance / War / Cinematography / Comedic brilliance / Dramatic depth / Enduring legacy / Great ensemble / Iconic lines / Romantic,1942,1h 42m,https://www.imdb.com/title/tt0034583/?ref_=chttp_t_45
The Usual Suspects,8.5,Caper / Gangster / Heist / Psychological Drama / Psychological Thriller / Suspense Mystery / Whodunnit / Crime / Drama / Mystery / Atmospheric / Character development / Chemistry / Direction / Narrative complexity / Performance / Standout performance / Suspenseful / Confusing / Thin story,1995,1h 46m,https://www.imdb.com/title/tt0114814/?ref_=chttp_t_46
Cinema Paradiso,8.5,Coming-of-Age / Drama / Romance / Authentic emotion / Character development / Cinematography / Escapism / Family dynamics / Friendship / Performance / Soundtrack / Bittersweet / Pacing,1988,2h 54m,https://www.imdb.com/title/tt0095765/?ref_=chttp_t_47
The Intouchables,8.5,Docudrama / Comedy / Drama / Authentic emotion / Character development / Chemistry / Comedic brilliance / Friendship / Heartfelt / Inspirational / Performance / Soundtrack / Social commentary,2011,1h 52m,https://www.imdb.com/title/tt1675434/?ref_=chttp_t_48
Alien,8.5,Alien Invasion / Body Horror / Cyberpunk / Monster Horror / Space Sci-Fi / Tragedy / Horror / Sci-Fi / Atmospheric / Creature design / Direction / Enduring legacy / Practical effects / Production design / Sound design / Standout performance / Suspenseful,1979,1h 57m,https://www.imdb.com/title/tt0078748/?ref_=chttp_t_49
Modern Times,8.5,Romantic Comedy / Satire / Slapstick / Comedy / Drama / Romance / Authentic emotion / Comedic brilliance / Enduring legacy / Physical comedy / Romantic / Human experience / Social commentary / Symbolism / Dystopian elements,1936,1h 27m,https://www.imdb.com/title/tt0027977/?ref_=chttp_t_50
Rear Window,8.5,Psychological Thriller / Suspense Mystery / Drama / Mystery / Thriller / Atmospheric / Cinematography / Comedic brilliance / Direction / Performance / Suspenseful / Technical achievement / Thrilling / Social commentary,1954,1h 52m,https://www.imdb.com/title/tt0047396/?ref_=chttp_t_51
Once Upon a Time in the West,8.5,Desert Adventure / Epic / Spaghetti Western / Western Epic / Drama / Western / Atmospheric / Authentic emotion / Cinematography / Direction / Dramatic tension / Narrative complexity / Performance / Soundtrack / Visual spectacle,1968,2h 46m,https://www.imdb.com/title/tt0064116/?ref_=chttp_t_52
Django Unchained,8.5,Dark Comedy / Epic / One-Person Army Action / Period Drama / Western Epic / Drama / Western / Action sequences / Character development / Cinematography / Comedic brilliance / Dark humor / Performance / Historical accuracy / Social commentary,2012,2h 45m,https://www.imdb.com/title/tt1853728/?ref_=chttp_t_53
City Lights,8.5,Feel-Good Romance / Romantic Comedy / Satire / Slapstick / Comedy / Drama / Romance / Authentic emotion / Cinematography / Comedic brilliance / Heartfelt / Iconic ending / Iconic performance / Musical score / Physical comedy / Romantic,1931,1h 27m,https://www.imdb.com/title/tt0021749/?ref_=chttp_t_54
Apocalypse Now,8.4,Adventure Epic / Epic / Hard-boiled Detective / Psychological Drama / Quest / Suspense Mystery / War Epic / Drama / Mystery / War / Cinematography / Adaptation / Ambitious / Artistic vision / Atmospheric / Character development / Direction / Existential / Iconic performance / Editing,1979,2h 27m,https://www.imdb.com/title/tt0078788/?ref_=chttp_t_55
WALL·E,8.4,Adventure Epic / Artificial Intelligence / Computer Animation / Dystopian Sci-Fi / Psychological Drama / Space Sci-Fi / Adventure / Animation / Family / Sci-Fi / Animation style / Authentic emotion / Environmentalism / Romantic / Dystopian elements / Social commentary,2008,1h 38m,https://www.imdb.com/title/tt0910970/?ref_=chttp_t_56
Dune: Part Two,8.5,Action Epic / Desert Adventure / Epic / Sci-Fi Epic / Space Sci-Fi / Action / Adventure / Drama / Sci-Fi / Cinematography / Sound design / Worldbuilding / Direction / Performance / Adaptation / Character development / Editing / Pacing,2024,2h 46m,https://www.imdb.com/title/tt15239678/?ref_=chttp_t_57
Memento,8.4,Psychological Thriller / Suspense Mystery / Mystery / Thriller / Direction / Narrative complexity / Non-linear structure / Originality / Performance / Rewatchable / Thought-provoking / Confusing / Mental health,2000,1h 53m,https://www.imdb.com/title/tt0209144/?ref_=chttp_t_58
Raiders of the Lost Ark,8.4,Adventure Epic / Desert Adventure / Globetrotting Adventure / Quest / Action / Adventure / Action sequences / Comedic brilliance / Iconic performance / Iconic score / Nostalgic / Production design / Thrilling / Special effects / Character development / Thin story,1981,1h 55m,https://www.imdb.com/title/tt0082971/?ref_=chttp_t_59
The Lives of Others,8.4,Political Thriller / Psychological Drama / Spy / Drama / Mystery / Thriller / Atmospheric / Character development / Freedom / Performance / Historical accuracy / Morality / Social commentary / Dystopian elements,2006,2h 17m,https://www.imdb.com/title/tt0405094/?ref_=chttp_t_60
Avengers: Infinity War,8.4,Space Sci-Fi / Superhero / Action / Adventure / Sci-Fi / Action sequences / Character development / Comedic brilliance / Emotional stakes / Epic / Great ensemble / Thrilling / Unpredictable,2018,2h 29m,https://www.imdb.com/title/tt4154756/?ref_=chttp_t_61
Sunset Boulevard,8.4,Dark Comedy / Film Noir / Psychological Drama / Showbiz Drama / Tragedy / Drama / Cinematography / Iconic performance / Gothic / Narration / Symbolism / Dark tone / Mental health / Social commentary,1950,1h 50m,https://www.imdb.com/title/tt0043014/?ref_=chttp_t_62
Spider-Man: Into the Spider-Verse,8.4,Computer Animation / Superhero / Supernatural Fantasy / Teen Adventure / Teen Comedy / Urban Adventure / Action / Adventure / Animation / Comedy / Action sequences / Animation style / Character development / Comedic brilliance / Family dynamics / Soundtrack / Visual innovation / Social commentary,2018,1h 57m,https://www.imdb.com/title/tt4633694/?ref_=chttp_t_63
Witness for the Prosecution,8.4,Legal Drama / Legal Thriller / Whodunnit / Crime / Drama / Mystery / Thriller / Comedic brilliance / Dark humor / Great ensemble / Iconic performance / Narrative complexity / Suspenseful / Unpredictable,1957,1h 56m,https://www.imdb.com/title/tt0051201/?ref_=chttp_t_64
Paths of Glory,8.4,Epic / Psychological Drama / War Epic / Drama / War / Authentic emotion / Direction / Performance / Realism / Thought-provoking / Historical accuracy / Suspenseful / Social commentary,1957,1h 28m,https://www.imdb.com/title/tt0050825/?ref_=chttp_t_65
The Shining,8.4,Psychological Drama / Psychological Horror / Supernatural Horror / Drama / Horror / Atmospheric / Cinematography / Iconic performance / Production design / Psychological depth / Sound design / Suspenseful / Adaptation / Direction / Character development,1980,2h 26m,https://www.imdb.com/title/tt0081505/?ref_=chttp_t_66
The Great Dictator,8.4,Parody / Satire / Slapstick / Comedy / Drama / War / Comedic brilliance / Dark humor / Enduring legacy / Iconic performance / Social commentary / Thought-provoking / Historical accuracy,1940,2h 5m,https://www.imdb.com/title/tt0032553/?ref_=chttp_t_67
12th Fail,8.7,Docudrama / Biography / Drama / Authentic emotion / Cinematography / Direction / Family dynamics / Inspirational / Performance / Realism / Social commentary,2023,N/A,https://www.imdb.com/title/tt23849204/?ref_=chttp_t_68
Inglourious Basterds,8.4,Dark Comedy / Period Drama / Adventure / Drama / War,2009,2h 33m,https://www.imdb.com/title/tt0361748/?ref_=chttp_t_69
Aliens,8.4,Alien Invasion / Cyberpunk / Monster Horror / Space Sci-Fi / Survival / Tragedy / Action / Adventure / Horror / Sci-Fi / Action sequences / Character development / Chemistry / Creature design / Iconic lines / Special effects / Suspenseful / Thrilling / Derivative / Pacing,1986,2h 17m,https://www.imdb.com/title/tt0090605/?ref_=chttp_t_70
The Dark Knight Rises,8.4,Action Epic / Epic / Superhero / Action / Crime / Drama / Thriller / Cinematography / Satisfying ending / Action sequences / Ambitious / Direction / Emotional weight / Performance / Character development / Pacing / Sound design,2012,2h 44m,https://www.imdb.com/title/tt1345836/?ref_=chttp_t_71
Coco,8.4,Computer Animation / Dark Comedy / Supernatural Fantasy / Adventure / Animation / Drama / Family / Fantasy / Music / Mystery / Animation style / Authentic emotion / Character development / Comforting / Emotional weight / Family dynamics / Generational appeal / Heartfelt / Musical score / Visual spectacle,2017,1h 45m,https://www.imdb.com/title/tt2380307/?ref_=chttp_t_72
Amadeus,8.4,Costume Drama / Epic / Period Drama / Tragedy / Biography / Drama / Music / Comedic brilliance / Costume design / Direction / Musical score / Performance / Inner conflict / Religious themes / Historical accuracy,1984,2h 40m,https://www.imdb.com/title/tt0086879/?ref_=chttp_t_73
Toy Story,8.3,Buddy Comedy / Computer Animation / Supernatural Fantasy / Urban Adventure / Adventure / Animation / Comedy / Family / Fantasy / Animation style / Authentic emotion / Character development / Comedic brilliance / Emotional weight / Escapism / Friendship / Generational appeal / Technical achievement,1995,1h 21m,https://www.imdb.com/title/tt0114709/?ref_=chttp_t_74
Avengers: Endgame,8.4,Space Sci-Fi / Superhero / Time Travel / Tragedy / Action / Adventure / Sci-Fi / Action sequences / Character development / Emotional weight / Nostalgic / Satisfying ending / Pacing / Thin story / Uneven quality,2019,3h 1m,https://www.imdb.com/title/tt4154796/?ref_=chttp_t_75
Good Will Hunting,8.3,Coming-of-Age / Psychological Drama / Drama / Romance / Dialogue / Friendship / Mental health / Performance / Personal growth / Thought-provoking / Inner conflict / Social commentary,1997,2h 6m,https://www.imdb.com/title/tt0119217/?ref_=chttp_t_76
Oldboy,8.3,Dark Comedy / One-Person Army Action / Psychological Drama / Psychological Thriller / Action / Drama / Mystery / Thriller / Action sequences / Atmospheric / Authentic emotion / Character development / Cinematography / Dark tone / Narrative complexity / Psychological depth / Surreal / Symbolism,2003,2h,https://www.imdb.com/title/tt0364569/?ref_=chttp_t_77
Dr. Strangelove or: How I Learned to Stop Worrying and Love the Bomb,8.3,Dark Comedy / Farce / Political Drama / Satire / Tragedy / Comedy / War / Comedic brilliance / Dark humor / Direction / Performance / Rewatchable / Social commentary / Thought-provoking,1964,1h 35m,https://www.imdb.com/title/tt0057012/?ref_=chttp_t_78
Das Boot,8.4,Epic / War Epic / Drama / War / Atmospheric / Authentic emotion / Cinematography / Direction / Historical accuracy / Realism / Sound design / Suspenseful / Boring,1981,N/A,https://www.imdb.com/title/tt0082096/?ref_=chttp_t_79
Braveheart,8.3,Action Epic / Costume Drama / Epic / Period Drama / War Epic / Biography / Drama / War / Action sequences / Character development / Cinematography / Direction / Epic / Freedom / Romantic / Soundtrack / Historical accuracy,1995,2h 58m,https://www.imdb.com/title/tt0112573/?ref_=chttp_t_80
American Beauty,8.3,Psychological Drama / Tragedy / Drama / Authentic emotion / Cinematography / Performance / Dark humor / Family dynamics / Sexuality / Social commentary / Symbolism,1999,2h 2m,https://www.imdb.com/title/tt0169547/?ref_=chttp_t_81
High and Low,8.4,Police Procedural / Crime / Drama / Mystery / Thriller / Artistic vision / Authentic emotion / Camera work / Direction / Dramatic tension / Editing / Suspenseful / Social commentary / Thought-provoking,1963,2h 23m,https://www.imdb.com/title/tt0057565/?ref_=chttp_t_82
Princess Mononoke,8.3,Action Epic / Adult Animation / Adventure Epic / Anime / Dark Fantasy / Fantasy Epic / Hand-Drawn Animation / Quest / Adventure / Animation / Animation style / Environmentalism / Narrative complexity / Philosophical elements / Social commentary / Soundtrack / Suspenseful / Dubbing,1997,2h 13m,https://www.imdb.com/title/tt0119698/?ref_=chttp_t_83
Your Name.,8.4,Anime / Shōjo / Animation / Drama / Fantasy / Romance / Animation style / Authentic emotion / Cinematography / Dreamlike / Emotional weight / Romantic / Soundtrack / Supernatural themes / Visual spectacle / Character development,2016,N/A,https://www.imdb.com/title/tt5311514/?ref_=chttp_t_84
3 Idiots,8.4,Buddy Comedy / Coming-of-Age / Quirky Comedy / Comedy / Drama / Authentic emotion / Character development / Comedic brilliance / Direction / Friendship / Inspirational / Performance / Social commentary,2009,2h 50m,https://www.imdb.com/title/tt1187043/?ref_=chttp_t_85
Joker,8.3,Psychological Drama / Psychological Thriller / Tragedy / Crime / Drama / Thriller / Atmospheric / Cinematography / Performance / Standout performance / Dark tone / Inner conflict / Mental health / Social commentary / Thought-provoking,2019,2h 2m,https://www.imdb.com/title/tt7286456/?ref_=chttp_t_86
Once Upon a Time in America,8.3,Dark Comedy / Epic / Gangster / Period Drama / Crime / Drama / Cinematography / Friendship / Musical score / Production design / Ambitious / Character development / Inner conflict / Narrative complexity / Pacing / Sexuality,1984,3h 49m,https://www.imdb.com/title/tt0087843/?ref_=chttp_t_87
Capernaum,8.4,Coming-of-Age / Legal Drama / Drama / Authentic emotion / Cinematography / Direction / Dramatic depth / Human experience / Realism / Social commentary / Survival,2018,2h 6m,https://www.imdb.com/title/tt8267604/?ref_=chttp_t_88
Singin' in the Rain,8.3,Classic Musical / Feel-Good Romance / Jukebox Musical / Romantic Comedy / Satire / Comedy / Musical / Romance / Chemistry / Comedic brilliance / Dance choreography / Iconic performance / Iconic scene / Musical score / Nostalgic / Production design,1952,1h 43m,https://www.imdb.com/title/tt0045152/?ref_=chttp_t_89
Come and See,8.3,Epic / Period Drama / Tragedy / War Epic / Drama / Thriller / War / Authentic emotion / Cinematography / Historical accuracy / Psychological depth / Realism / Sound design / Dark tone / Survival / Symbolism,1985,2h 22m,https://www.imdb.com/title/tt0091251/?ref_=chttp_t_90
Requiem for a Dream,8.3,Psychological Drama / Tragedy / Drama / Authentic emotion / Cinematography / Editing / Performance / Realism / Soundtrack / Social commentary / Dark tone / Haunting,2000,1h 42m,https://www.imdb.com/title/tt0180093/?ref_=chttp_t_91
Star Wars: Episode VI - Return of the Jedi,8.3,Action Epic / Adventure Epic / Dark Fantasy / Dystopian Sci-Fi / Epic / Fantasy Epic / Globetrotting Adventure / Quest / Sci-Fi Epic / Space Sci-Fi / Action sequences / Character development / Emotional weight / Iconic ending / Satisfying ending / Special effects / Creature design / Generational appeal / Pacing,1983,2h 11m,https://www.imdb.com/title/tt0086190/?ref_=chttp_t_92
Toy Story 3,8.3,Computer Animation / Supernatural Fantasy / Urban Adventure / Adventure / Animation / Comedy / Family / Fantasy / Animation style / Authentic emotion / Bittersweet / Character development / Emotional weight / Family dynamics / Friendship / Generational appeal / Dark tone,2010,1h 43m,https://www.imdb.com/title/tt0435761/?ref_=chttp_t_93
The Hunt,8.3,Psychological Drama / Tragedy / Drama / Atmospheric / Authentic emotion / Performance / Realism / Suspenseful / Thought-provoking / Inner conflict / Morality / Social commentary,2012,1h 55m,https://www.imdb.com/title/tt2106476/?ref_=chttp_t_94
Ikiru,8.3,Psychological Drama / Tragedy / Drama,1952,2h 23m,https://www.imdb.com/title/tt0044741/?ref_=chttp_t_95
Eternal Sunshine of the Spotless Mind,8.3,Dark Romance / Psychological Drama / Drama / Romance / Sci-Fi / Chemistry / Cinematography / Dreamlike / Emotional weight / Narrative complexity / Originality / Performance / Philosophical elements / Surreal,2004,1h 48m,https://www.imdb.com/title/tt0338013/?ref_=chttp_t_96
2001: A Space Odyssey,8.3,Adventure Epic / Artificial Intelligence / Epic / Psychological Drama / Sci-Fi Epic / Space Sci-Fi / Adventure / Sci-Fi / Ambitious / Artistic vision / Atmospheric / Enduring legacy / Thought-provoking / Philosophical elements / Symbolism / Confusing / Pacing,1968,2h 29m,https://www.imdb.com/title/tt0062622/?ref_=chttp_t_97
Incendies,8.3,Suspense Mystery / Drama / Mystery / War / Cinematography / Direction / Performance / Identity / Narrative complexity / Family dynamics / Inner conflict / Religious themes / Social commentary,2010,2h 11m,https://www.imdb.com/title/tt1255953/?ref_=chttp_t_98
The Apartment,8.3,Farce / Holiday Comedy / Holiday Romance / Romantic Comedy / Comedy / Drama / Holiday / Romance / Authentic emotion / Comedic brilliance / Dramatic depth / Enduring legacy / Performance / Relatable / Dubbing / Iconic ending / Social commentary,1960,2h 5m,https://www.imdb.com/title/tt0053604/?ref_=chttp_t_99
Reservoir Dogs,8.3,Gangster / Heist / Crime / Thriller / Atmospheric / Authentic emotion / Character development / Dialogue / Non-linear structure / Performance / Realism / Soundtrack / Standout performance / Suspenseful,1992,1h 39m,https://www.imdb.com/title/tt0105236/?ref_=chttp_t_100
Lawrence of Arabia,8.3,Adventure Epic / Desert Adventure / Epic / Tragedy / War Epic / Adventure / Biography / Drama / War / Authentic emotion / Cinematography / Direction / Epic / Musical score / Performance / Historical accuracy / Identity / Inner conflict,1962,3h 47m,https://www.imdb.com/title/tt0056172/?ref_=chttp_t_101
The Chaos Class Failed the Class,8.7,Satire / Comedy,1975,N/A,https://www.imdb.com/title/tt0252488/?ref_=chttp_t_102
Scarface,8.3,Drug Crime / Epic / Gangster / Tragedy / Crime / Drama / Ambitious / Character development / Cinematography / Iconic lines / Iconic performance / Social commentary / Soundtrack / Direction / Iconic ending / Over-the-top,1983,2h 50m,https://www.imdb.com/title/tt0086250/?ref_=chttp_t_103
Double Indemnity,8.3,Film Noir / Hard-boiled Detective / Crime / Drama / Mystery / Thriller / Atmospheric / Cinematography / Dark tone / Dialogue / Direction / Enduring legacy / Narration / Performance / Suspenseful,1944,1h 47m,https://www.imdb.com/title/tt0036775/?ref_=chttp_t_104
Heat,8.3,Action Epic / Cop Drama / Epic / Gangster / Heist / Action / Crime / Drama / Action sequences / Character development / Cinematography / Direction / Dramatic tension / Great ensemble / Performance / Soundtrack / Thrilling / Pacing,1995,2h 50m,https://www.imdb.com/title/tt0113277/?ref_=chttp_t_105
North by Northwest,8.3,Spy / Adventure / Drama / Mystery / Thriller / Action sequences / Character development / Chemistry / Comedic brilliance / Direction / Iconic imagery / Suspenseful / Thrilling / Adaptation,1959,2h 16m,https://www.imdb.com/title/tt0053125/?ref_=chttp_t_106
Up,8.3,Coming-of-Age / Computer Animation / Globetrotting Adventure / Quest / Adventure / Animation / Comedy / Drama / Family / Animation style / Authentic emotion / Character development / Comedic brilliance / Emotional weight / Family dynamics / Friendship / Inspirational,2009,1h 36m,https://www.imdb.com/title/tt1049413/?ref_=chttp_t_107
M,8.3,Psychological Thriller / Serial Killer / Suspense Mystery / Crime / Mystery / Thriller / Atmospheric / Cinematography / Direction / Historical accuracy / Psychological depth / Standout performance / Suspenseful / Morality / Social commentary,1931,1h 39m,https://www.imdb.com/title/tt0022100/?ref_=chttp_t_108
Citizen Kane,8.3,Epic / Period Drama / Tragedy / Drama / Mystery / Artistic vision / Atmospheric / Authentic emotion / Cinematography / Enduring legacy / Narrative complexity / Symbolism / Technical achievement / Thought-provoking,1941,1h 59m,https://www.imdb.com/title/tt0033467/?ref_=chttp_t_109
Full Metal Jacket,8.2,Dark Comedy / Period Drama / Psychological Drama / Drama / War / Standout performance / Action sequences / Character development / Dark humor / Direction / Duality / Historical accuracy / Psychological depth / Realism / Uneven quality,1987,1h 56m,https://www.imdb.com/title/tt0093058/?ref_=chttp_t_110
Vertigo,8.2,Psychological Thriller / Tragedy / Mystery / Romance / Thriller / Atmospheric / Cinematography / Musical score / Suspenseful / Ambitious / Dreamlike / Psychological depth / Symbolism / Character development / Thin story,1958,2h 8m,https://www.imdb.com/title/tt0052357/?ref_=chttp_t_111
Amélie,8.3,Feel-Good Romance / Quirky Comedy / Romantic Comedy / Comedy / Romance / Atmospheric / Authentic emotion / Charming / Cinematography / Comedic brilliance / Romantic / Soundtrack / Visual innovation,2001,2h 2m,https://www.imdb.com/title/tt0211915/?ref_=chttp_t_112
A Separation,8.3,Legal Drama / Psychological Drama / Drama / Authentic emotion / Cinematography / Direction / Performance / Family dynamics / Morality / Narrative complexity / Religious themes / Social commentary,2011,2h 3m,https://www.imdb.com/title/tt1832382/?ref_=chttp_t_113
Like Stars on Earth,8.3,Coming-of-Age / Drama / Family / Authentic emotion / Cinematography / Direction / Emotional weight / Inspirational / Performance / Relatable / Social commentary / Adaptation,2007,2h 42m,https://www.imdb.com/title/tt0986264/?ref_=chttp_t_114
To Kill a Mockingbird,8.3,Legal Drama / Period Drama / Crime / Drama / Cinematography / Family dynamics / Morality / Performance / Thought-provoking / Adaptation / Character development / Symbolism,1962,2h 9m,https://www.imdb.com/title/tt0056592/?ref_=chttp_t_115
Die Hard,8.2,Disaster / One-Person Army Action / Action / Holiday / Thriller / Action sequences / Comedic brilliance / Direction / Iconic lines / Iconic performance / Realism / Special effects / Suspenseful / Thrilling,1988,2h 12m,https://www.imdb.com/title/tt0095016/?ref_=chttp_t_116
A Clockwork Orange,8.2,Dark Comedy / Dystopian Sci-Fi / Crime / Sci-Fi / Artistic vision / Iconic performance / Thought-provoking / Adaptation / Character development / Philosophical elements / Social commentary / Dark tone / Dystopian elements / Sexuality,1971,2h 16m,https://www.imdb.com/title/tt0066921/?ref_=chttp_t_117
The Sting,8.2,Caper / Comedy / Crime / Drama / Chemistry / Comedic brilliance / Great ensemble / Iconic performance / Iconic score / Narrative complexity / Production design / Satisfying ending / Suspenseful,1973,2h 9m,https://www.imdb.com/title/tt0070735/?ref_=chttp_t_118
Indiana Jones and the Last Crusade,8.2,Adventure Epic / Desert Adventure / Globetrotting Adventure / Quest / Action / Adventure / Action sequences / Character development / Chemistry / Comedic brilliance / Direction / Family dynamics / Iconic score / Production design / Set pieces,1989,2h 7m,https://www.imdb.com/title/tt0097576/?ref_=chttp_t_119
Oppenheimer,8.3,Docudrama / Epic / Historical Epic / Period Drama / Psychological Drama / Biography / Drama / History / Cinematography / Performance / Sound design / Historical accuracy / Inner conflict / Narrative complexity / Scientific depth / Pacing,2023,3h,https://www.imdb.com/title/tt15398776/?ref_=chttp_t_120
Metropolis,8.3,Dystopian Sci-Fi / Epic / Sci-Fi Epic / Steampunk / Drama / Sci-Fi / Ambitious / Artistic vision / Enduring legacy / Technical achievement / Visual spectacle / Dubbing / Religious themes / Social commentary / Dystopian elements,1927,2h 33m,https://www.imdb.com/title/tt0017136/?ref_=chttp_t_121
Snatch,8.2,Caper / Dark Comedy / Gangster / Comedy / Crime / Character development / Cinematography / Comedic brilliance / Dark humor / Direction / Editing / Great ensemble / Rewatchable / Soundtrack,2000,1h 42m,https://www.imdb.com/title/tt0208092/?ref_=chttp_t_122
1917,8.2,Epic / Period Drama / War Epic / Action / Drama / War / Atmospheric / Authentic emotion / Cinematography / Production design / Sound design / Suspenseful / Technical achievement / Thrilling / Historical accuracy / Thin story,2019,1h 59m,https://www.imdb.com/title/tt8579674/?ref_=chttp_t_123
L.A. Confidential,8.2,Conspiracy Thriller / Cop Drama / Hard-boiled Detective / Period Drama / Police Procedural / Suspense Mystery / Whodunnit / Crime / Drama / Mystery / Atmospheric / Character development / Cinematography / Performance / Production design / Adaptation / Dark tone / Narrative complexity / Social commentary,1997,2h 18m,https://www.imdb.com/title/tt0119488/?ref_=chttp_t_124
Bicycle Thieves,8.2,Tragedy / Drama / Authentic emotion / Cinematography / Dramatic depth / Family dynamics / Historical accuracy / Human experience / Realism / Social commentary / Survival,1948,1h 29m,https://www.imdb.com/title/tt0040522/?ref_=chttp_t_125
Downfall,8.2,Docudrama / Political Drama / Tragedy / Biography / Drama / History / War / Atmospheric / Performance / Production design / Realism / Historical accuracy / Inner conflict / Social commentary / Thought-provoking,2004,2h 36m,https://www.imdb.com/title/tt0363163/?ref_=chttp_t_126
Dangal,8.3,Coming-of-Age / Martial Arts / Action / Biography / Drama / Sport / Authentic emotion / Cinematography / Direction / Emotional weight / Family dynamics / Fight choreography / Inspirational / Performance / Social commentary,2016,2h 41m,https://www.imdb.com/title/tt5074352/?ref_=chttp_t_127
The Wolf of Wall Street,8.2,Dark Comedy / Docudrama / Epic / Raunchy Comedy / Satire / True Crime / Biography / Comedy / Crime / Drama / Cinematography / Comedic brilliance / Dark humor / Direction / Iconic performance / Iconic performance / Performance / Social commentary / Sexuality,2013,3h,https://www.imdb.com/title/tt0993846/?ref_=chttp_t_128
Hamilton,8.3,Epic / Historical Epic / Biography / Drama / History / Musical / Authentic emotion / Character development / Comedic brilliance / Dance choreography / Educational / Musical score / Performance / Production design / Social commentary / Historical accuracy,2020,2h 40m,https://www.imdb.com/title/tt8503618/?ref_=chttp_t_129
Taxi Driver,8.2,Psychological Drama / Crime / Drama,1976,1h 54m,https://www.imdb.com/title/tt0075314/?ref_=chttp_t_130
Green Book,8.2,Docudrama / Period Drama / Road Trip / Biography / Comedy / Drama / Music / Character development / Chemistry / Friendship / Inspirational / Performance / Personal growth / Social commentary / Historical accuracy,2018,2h 10m,https://www.imdb.com/title/tt6966692/?ref_=chttp_t_131
Batman Begins,8.2,Action Epic / Epic / Superhero / Tragedy / Action / Crime / Drama / Thriller / Atmospheric / Character development / Cinematography / Dark tone / Performance / Production design / Psychological depth / Realism / Action sequences / Adaptation,2005,2h 20m,https://www.imdb.com/title/tt0372784/?ref_=chttp_t_132
The Truman Show,8.2,Dark Comedy / High-Concept Comedy / Psychological Drama / Satire / Showbiz Drama / Comedy / Drama / Authentic emotion / Freedom / Thought-provoking / Allegorical elements / Existential / Identity / Philosophical elements / Dystopian elements / Social commentary,1998,1h 43m,https://www.imdb.com/title/tt0120382/?ref_=chttp_t_133
For a Few Dollars More,8.2,One-Person Army Action / Spaghetti Western / Drama / Western / Action sequences / Atmospheric / Character development / Chemistry / Cinematography / Direction / Iconic score / Musical score / Thrilling / Pacing,1965,2h 12m,https://www.imdb.com/title/tt0059578/?ref_=chttp_t_134
Judgment at Nuremberg,8.3,Legal Drama / Drama / War / Cinematography / Historical accuracy / Performance / Thought-provoking / Direction / Morality / Social commentary,1961,2h 59m,https://www.imdb.com/title/tt0055031/?ref_=chttp_t_135
Some Like It Hot,8.2,Buddy Comedy / Farce / Romantic Comedy / Satire / Screwball Comedy / Comedy / Music / Romance / Chemistry / Comedic brilliance / Costume design / Direction / Great ensemble / Iconic ending / Iconic lines / Iconic performance / Physical comedy,1959,2h 1m,https://www.imdb.com/title/tt0053291/?ref_=chttp_t_136
Shutter Island,8.2,Psychological Thriller / Suspense Mystery / Drama / Mystery / Thriller / Atmospheric / Cinematography / Direction / Gothic / Performance / Production design / Psychological depth / Suspenseful / Narrative complexity,2010,2h 18m,https://www.imdb.com/title/tt1130884/?ref_=chttp_t_137
The Kid,8.2,Buddy Comedy / Slapstick / Comedy / Drama / Family / Authentic emotion / Character development / Charming / Comedic brilliance / Emotional weight / Enduring legacy / Heartfelt / Physical comedy / Social commentary,1921,1h 8m,https://www.imdb.com/title/tt0012349/?ref_=chttp_t_138
The Father,8.2,Psychological Drama / Drama / Mystery / Authentic emotion / Direction / Performance / Realism / Thought-provoking / Confusing / Emotional weight / Family dynamics / Mental health,2020,1h 37m,https://www.imdb.com/title/tt10272386/?ref_=chttp_t_139
All About Eve,8.2,Showbiz Drama / Drama / Dialogue / Dramatic tension / Enduring legacy / Narration / Performance / Production design / Inner conflict / Social commentary / Ambitious,1950,2h 18m,https://www.imdb.com/title/tt0042192/?ref_=chttp_t_140
Jurassic Park,8.2,Dinosaur Adventure / Jungle Adventure / Action / Adventure / Sci-Fi / Thriller / Creature design / Direction / Generational appeal / Iconic score / Special effects / Suspenseful / Thrilling / Visual spectacle / Character development / Environmentalism,1993,2h 7m,https://www.imdb.com/title/tt0107290/?ref_=chttp_t_141
There Will Be Blood,8.2,Epic / Period Drama / Psychological Drama / Tragedy / Drama / Ambitious / Atmospheric / Cinematography / Performance / Narrative complexity / Religious themes / Social commentary / Suspenseful,2007,2h 38m,https://www.imdb.com/title/tt0469494/?ref_=chttp_t_142
The Sixth Sense,8.2,Psychological Drama / Psychological Thriller / Suspense Mystery / Drama / Mystery / Thriller / Atmospheric / Direction / Emotional weight / Family dynamics / Psychological depth / Rewatchable / Standout performance / Supernatural themes / Suspenseful,1999,1h 47m,https://www.imdb.com/title/tt0167404/?ref_=chttp_t_143
Casino,8.2,Docudrama / Epic / Gangster / True Crime / Crime / Drama / Ambitious / Authentic emotion / Cinematography / Dramatic tension / Iconic performance / Adaptation / Dark tone / Narration / Social commentary,1995,2h 58m,https://www.imdb.com/title/tt0112641/?ref_=chttp_t_144
Ran,8.2,Epic / Period Drama / Samurai / Tragedy / War Epic / Action / Drama / War / Action sequences / Authentic emotion / Cinematography / Costume design / Direction / Dramatic depth / Adaptation / Symbolism / Family dynamics,1985,2h 40m,https://www.imdb.com/title/tt0089881/?ref_=chttp_t_145
Top Gun: Maverick,8.2,Action Epic / Epic / Action / Drama / Action sequences / Character development / Cinematography / Emotional stakes / Nostalgic / Practical effects / Sound design / Thrilling / Formulaic / Thin story,2022,2h 10m,https://www.imdb.com/title/tt1745960/?ref_=chttp_t_146
No Country for Old Men,8.2,Contemporary Western / Psychological Thriller / Serial Killer / Crime / Drama / Thriller / Atmospheric / Cinematography / Performance / Suspenseful / Adaptation / Allegorical elements / Character development / Dark tone / Narrative complexity / Philosophical elements,2007,2h 2m,https://www.imdb.com/title/tt0477348/?ref_=chttp_t_147
The Thing,8.2,Alien Invasion / Body Horror / Monster Horror / Supernatural Horror / Tragedy / Horror / Mystery / Sci-Fi / Atmospheric / Cinematography / Creature design / Direction / Enduring legacy / Horror craft / Practical effects / Rewatchable / Soundtrack / Suspenseful,1982,1h 49m,https://www.imdb.com/title/tt0084787/?ref_=chttp_t_148
Pan's Labyrinth,8.2,Coming-of-Age / Dark Fantasy / Fairy Tale / Period Drama / Supernatural Fantasy / Teen Fantasy / Tragedy / Drama / Fantasy / War / Ambitious / Atmospheric / Authentic emotion / Character development / Cinematography / Creature design / Production design / Narrative complexity / Symbolism,2006,1h 58m,https://www.imdb.com/title/tt0457430/?ref_=chttp_t_149
Unforgiven,8.2,Period Drama / Tragedy / Drama / Western / Atmospheric / Authentic emotion / Cinematography / Direction / Performance / Realism / Inner conflict / Morality,1992,2h 10m,https://www.imdb.com/title/tt0105695/?ref_=chttp_t_150
Kill Bill: Vol. 1,8.2,Kung Fu / Martial Arts / One-Person Army Action / Action / Crime / Thriller / Action sequences / Authentic emotion / Cinematography / Fight choreography / Genre blending / Iconic imagery / Iconic performance / Iconic score / Stunts,2003,1h 51m,https://www.imdb.com/title/tt0266697/?ref_=chttp_t_151
A Beautiful Mind,8.2,Docudrama / Period Drama / Psychological Drama / Biography / Drama / Mystery / Authentic emotion / Chemistry / Cinematography / Direction / Dramatic depth / Inspirational / Performance / Mental health / Historical accuracy,2001,2h 15m,https://www.imdb.com/title/tt0268978/?ref_=chttp_t_152
The Treasure of the Sierra Madre,8.2,Tragedy / Adventure / Drama / Western / Atmospheric / Cinematography / Direction / Friendship / Dramatic tension / Inner conflict / Morality / Survival,1948,2h 6m,https://www.imdb.com/title/tt0040897/?ref_=chttp_t_153
Prisoners,8.2,Psychological Thriller / Suspense Mystery / Crime / Drama / Mystery / Thriller,2013,2h 33m,https://www.imdb.com/title/tt1392214/?ref_=chttp_t_154
Yojimbo,8.2,One-Person Army Action / Period Drama / Samurai / Action / Drama / Thriller / Action sequences / Character development / Cinematography / Direction / Enduring legacy / Fight choreography / Iconic performance / Performance / Thrilling / Adaptation,1961,1h 50m,https://www.imdb.com/title/tt0055630/?ref_=chttp_t_155
Finding Nemo,8.2,Animal Adventure / Buddy Comedy / Computer Animation / Quest / Sea Adventure / Adventure / Animation / Comedy / Family / Animation style / Character development / Comedic brilliance / Emotional weight / Family dynamics / Friendship / Generational appeal / Thin story,2003,1h 40m,https://www.imdb.com/title/tt0266543/?ref_=chttp_t_156
Howl's Moving Castle,8.2,Adventure Epic / Anime / Hand-Drawn Animation / Supernatural Fantasy / Adventure / Animation / Family / Fantasy / Animation style / Character development / Family dynamics / Fantastical elements / Romantic / Visual spectacle / Worldbuilding / Adaptation / Confusing,2004,1h 59m,https://www.imdb.com/title/tt0347149/?ref_=chttp_t_157
The Great Escape,8.2,Epic / Period Drama / Prison Drama / War Epic / Adventure / Drama / Thriller / War / Action sequences / Character development / Courage / Freedom / Friendship / Great ensemble / Historical accuracy / Iconic score / Suspenseful / Thrilling,1963,2h 52m,https://www.imdb.com/title/tt0057115/?ref_=chttp_t_158
Monty Python and the Holy Grail,8.2,Farce / Parody / Quest / Satire / Sketch Comedy / Slapstick / Sword & Sorcery / Adventure / Comedy / Fantasy / Comedic brilliance / Fourth wall breaks / Generational appeal / Iconic lines / Iconic performance / Iconic scene / Unpredictable / Suspenseful,1975,1h 31m,https://www.imdb.com/title/tt0071853/?ref_=chttp_t_159
The Elephant Man,8.2,Docudrama / Period Drama / Tragedy / Biography / Drama / Atmospheric / Authentic emotion / Dramatic depth / Human experience / Inspirational / Makeup / Social commentary,1980,2h 4m,https://www.imdb.com/title/tt0080678/?ref_=chttp_t_160
Dial M for Murder,8.2,Crime / Drama / Mystery / Thriller / Cinematography / Dialogue / Direction / Narrative complexity / Performance / Suspenseful / Thrilling / Adaptation / Ambitious,1954,1h 45m,https://www.imdb.com/title/tt0046912/?ref_=chttp_t_161
Klaus,8.2,Hand-Drawn Animation / Holiday Animation / Holiday Comedy / Holiday Family / Adventure / Animation / Comedy / Family / Fantasy / Holiday / Animation style / Authentic emotion / Character development / Comedic brilliance / Family dynamics / Friendship / Heartfelt / Inspirational / Production design,2019,1h 36m,https://www.imdb.com/title/tt4729430/?ref_=chttp_t_162
Gone with the Wind,8.2,Costume Drama / Epic / Period Drama / Romantic Epic / Tragic Romance / War Epic / Drama / Romance / War / Authentic emotion / Character development / Cinematography / Enduring legacy / Production design / Romantic / Survival / Historical accuracy / Social commentary,1939,3h 58m,https://www.imdb.com/title/tt0031381/?ref_=chttp_t_163
Chinatown,8.1,Conspiracy Thriller / Hard-boiled Detective / Psychological Drama / Psychological Thriller / Tragedy / Drama / Mystery / Thriller / Atmospheric / Character development / Cinematography / Dark tone / Direction / Narrative complexity / Performance / Social commentary / Suspenseful / Iconic ending,1974,2h 10m,https://www.imdb.com/title/tt0071315/?ref_=chttp_t_164
Rashomon,8.2,Period Drama / Crime / Drama / Mystery / Ambitious / Authentic emotion / Cinematography / Direction / Enduring legacy / Narrative complexity / Philosophical elements / Social commentary / Thought-provoking / Suspenseful,1950,1h 28m,https://www.imdb.com/title/tt0042876/?ref_=chttp_t_165
The Secret in Their Eyes,8.2,Dark Romance / Erotic Thriller / Legal Thriller / Period Drama / Psychological Drama / Psychological Thriller / Suspense Mystery / Tragedy / Whodunnit / Drama / Authentic emotion / Cinematography / Direction / Emotional weight / Narrative complexity / Romantic / Satisfying ending / Suspenseful,2009,2h 9m,https://www.imdb.com/title/tt1305806/?ref_=chttp_t_166
"Lock, Stock and Two Smoking Barrels",8.1,Dark Comedy / Farce / Gangster / Heist / Comedy / Crime / Comedic brilliance / Dark humor / Great ensemble / Iconic lines / Kinetic style / Rewatchable / Camera work / Derivative / Thin story / Uneven quality,1998,1h 47m,https://www.imdb.com/title/tt0120735/?ref_=chttp_t_167
V for Vendetta,8.1,Dystopian Sci-Fi / Political Thriller / Superhero / Action / Drama / Sci-Fi / Thriller / Action sequences / Cinematography / Freedom / Thought-provoking / Adaptation / Social commentary / Symbolism / Dystopian elements,2005,2h 12m,https://www.imdb.com/title/tt0434409/?ref_=chttp_t_168
Inside Out,8.1,Coming-of-Age / Computer Animation / Adventure / Animation / Comedy / Drama / Family / Fantasy / Animation style / Authentic emotion / Educational / Emotional weight / Family dynamics / Inspirational / Mental health / Psychological depth / Character development,2015,1h 35m,https://www.imdb.com/title/tt2096673/?ref_=chttp_t_169
"Three Billboards Outside Ebbing, Missouri",8.1,Dark Comedy / Satire / Comedy / Crime / Drama / Character development / Emotional weight / Great ensemble / Performance / Dark humor / Social commentary / Unpredictable / Writing,2017,1h 55m,https://www.imdb.com/title/tt5027774/?ref_=chttp_t_170
The Bridge on the River Kwai,8.1,Jungle Adventure / War Epic / Adventure / Drama / War / Cinematography / Dramatic tension / Enduring legacy / Performance / Production design / Adaptation / Social commentary / Historical accuracy / Pacing,1957,2h 41m,https://www.imdb.com/title/tt0050212/?ref_=chttp_t_171
Catch Me If You Can,8.1,Caper / Coming-of-Age / Docudrama / Globetrotting Adventure / Period Drama / True Crime / Biography / Crime / Drama / Character development / Charming / Chemistry / Comedic brilliance / Direction / Family dynamics / Suspenseful / Thrilling,2002,2h 21m,https://www.imdb.com/title/tt0264464/?ref_=chttp_t_172
Trainspotting,8.1,Dark Comedy / Psychological Drama / Drama / Cinematography / Realism / Soundtrack / Standout performance / Dark humor / Friendship / Narration / Philosophical elements / Social commentary,1996,1h 33m,https://www.imdb.com/title/tt0117951/?ref_=chttp_t_173
Raging Bull,8.1,Boxing / Docudrama / Period Drama / Biography / Drama / Sport / Atmospheric / Cinematography / Direction / Performance / Authentic emotion / Inner conflict / Realism / Family dynamics,1980,2h 9m,https://www.imdb.com/title/tt0081398/?ref_=chttp_t_174
The Wild Robot,8.2,Artificial Intelligence / Computer Animation / Survival / Animation / Sci-Fi / Adaptation / Animation style / Authentic emotion / Character development / Environmentalism / Family dynamics / Friendship / Identity / Personal growth / Survival,2024,1h 42m,https://www.imdb.com/title/tt29623480/?ref_=chttp_t_175
Fargo,8.1,Cop Drama / Dark Comedy / Police Procedural / Tragedy / Crime / Drama / Thriller / Atmospheric / Authentic emotion / Cinematography / Comedic brilliance / Dark humor / Direction / Genre blending / Standout performance,1996,1h 38m,https://www.imdb.com/title/tt0116282/?ref_=chttp_t_176
Warrior,8.1,Boxing / Action / Drama / Sport / Authentic emotion / Character development / Cinematography / Dramatic tension / Emotional weight / Family dynamics / Fight choreography / Inner conflict / Performance,2011,2h 20m,https://www.imdb.com/title/tt1291584/?ref_=chttp_t_177
Harry Potter and the Deathly Hallows: Part 2,8.1,Dark Fantasy / Fantasy Epic / Teen Adventure / Teen Fantasy / Tragedy / Adventure / Family / Fantasy / Mystery / Action sequences / Cinematography / Performance / Special effects / Enduring legacy / Satisfying ending / Adaptation / Character development,2011,2h 10m,https://www.imdb.com/title/tt1201607/?ref_=chttp_t_178
Gran Torino,8.1,Drama / Authentic emotion / Emotional weight / Friendship / Performance / Personal growth / Character development / Family dynamics / Social commentary / Dialogue,2008,1h 56m,https://www.imdb.com/title/tt1205489/?ref_=chttp_t_179
Million Dollar Baby,8.1,Boxing / Tragedy / Drama / Sport / Authentic emotion / Character development / Chemistry / Direction / Dramatic tension / Emotional weight / Performance / Family dynamics / Realism / Uneven quality,2004,2h 12m,https://www.imdb.com/title/tt0405159/?ref_=chttp_t_180
Ben-Hur,8.1,Adventure Epic / Epic / Period Drama / Sword & Sandal / Adventure / Drama / Action sequences / Character development / Chemistry / Cinematography / Dramatic tension / Epic / Faith / Production design / Religious themes,1959,3h 32m,https://www.imdb.com/title/tt0052618/?ref_=chttp_t_181
Mad Max: Fury Road,8.1,Action Epic / Adventure Epic / Car Action / Desert Adventure / Dystopian Sci-Fi / Epic / Quest / Road Trip / Action / Adventure / Action sequences / Cinematography / Dystopian elements / Practical effects / Production design / Stunts / Technical achievement / Thrilling / Visual spectacle / Character development,2015,2h,https://www.imdb.com/title/tt1392190/?ref_=chttp_t_182
My Neighbor Totoro,8.1,Anime / Fairy Tale / Hand-Drawn Animation / Iyashikei / Animation / Comedy / Family / Fantasy / Animation style / Atmospheric / Authentic emotion / Charming / Creature design / Family dynamics / Fantastical elements / Heartfelt / Musical score / Nostalgic,1988,1h 26m,https://www.imdb.com/title/tt0096283/?ref_=chttp_t_183
Barry Lyndon,8.1,Costume Drama / Dark Comedy / Epic / Period Drama / Adventure / Drama / War / Ambitious / Cinematography / Musical score / Production design / Visual spectacle / Authentic emotion / Narration / Pacing,1975,3h 5m,https://www.imdb.com/title/tt0072684/?ref_=chttp_t_184
Dead Poets Society,8.1,Coming-of-Age / Teen Drama / Comedy / Drama / Authentic emotion / Character development / Educational / Freedom / Friendship / Iconic ending / Inspirational / Personal growth / Thought-provoking / Social commentary,1989,2h 8m,https://www.imdb.com/title/tt0097165/?ref_=chttp_t_185
Spider-Man: No Way Home,8.2,Superhero / Supernatural Fantasy / Urban Adventure / Action / Adventure / Fantasy / Sci-Fi / Action sequences / Authentic emotion / Character development / Chemistry / Nostalgic / Special effects / Thin story / Uneven quality,2021,2h 28m,https://www.imdb.com/title/tt10872600/?ref_=chttp_t_186
Children of Heaven,8.2,Drama / Family / Sport / Authentic emotion / Courage / Family dynamics / Friendship / Human experience / Realism / Universal themes / Religious themes / Social commentary / Symbolism,1997,1h 29m,https://www.imdb.com/title/tt0118849/?ref_=chttp_t_187
12 Years a Slave,8.1,Costume Drama / Docudrama / Epic / Period Drama / Tragedy / Biography / Drama / History / Authentic emotion / Cinematography / Performance / Thought-provoking / Dark tone / Historical accuracy / Social commentary / Survival,2013,2h 14m,https://www.imdb.com/title/tt2024544/?ref_=chttp_t_188
Hacksaw Ridge,8.1,Docudrama / Epic / Period Drama / War Epic / Biography / Drama / History / War / Action sequences / Character development / Cinematography / Courage / Faith / Inspirational / Performance / Realism / Historical accuracy,2016,2h 19m,https://www.imdb.com/title/tt2119532/?ref_=chttp_t_189
The Grand Budapest Hotel,8.1,Quirky Comedy / Comedy / Drama / Artistic vision / Authentic emotion / Character development / Cinematography / Comedic brilliance / Dark humor / Great ensemble / Nostalgic / Production design,2014,1h 39m,https://www.imdb.com/title/tt2278388/?ref_=chttp_t_190
Before Sunrise,8.1,Comedy / Drama / Romance / Atmospheric / Authentic emotion / Chemistry / Cinematography / Dialogue / Philosophical elements / Realism / Romantic / Thought-provoking,1995,1h 41m,https://www.imdb.com/title/tt0112471/?ref_=chttp_t_191
Blade Runner,8.1,Artificial Intelligence / Cyber Thriller / Cyberpunk / Dystopian Sci-Fi / Action / Drama / Sci-Fi / Thriller / Ambitious / Atmospheric / Cinematography / Dystopian elements / Philosophical elements / Production design / Soundtrack / Thought-provoking / Visual spectacle,1982,1h 57m,https://www.imdb.com/title/tt0083658/?ref_=chttp_t_192
Memories of Murder,8.1,Dark Comedy / Police Procedural / Serial Killer / True Crime / Crime / Drama / Mystery / Thriller / Atmospheric / Cinematography / Comedic brilliance / Realism / Suspenseful / Thought-provoking / Thrilling / Dark tone / Social commentary,2003,2h 12m,https://www.imdb.com/title/tt0353969/?ref_=chttp_t_193
Gone Girl,8.1,Erotic Thriller / Psychological Drama / Psychological Thriller / Suspense Mystery / Tragedy / Whodunnit / Drama / Mystery / Thriller / Character development / Direction / Performance / Psychological depth / Standout performance / Suspenseful / Unpredictable / Dark tone / Narrative complexity / Social commentary,2014,2h 29m,https://www.imdb.com/title/tt2267998/?ref_=chttp_t_194
Ratatouille,8.1,Animal Adventure / Computer Animation / Satire / Adventure / Animation / Comedy / Family / Fantasy / Animation style / Appetizing / Authentic emotion / Inspirational / Character development / Comedic brilliance / Creature design / Family dynamics,2007,1h 51m,https://www.imdb.com/title/tt0382932/?ref_=chttp_t_195
"Monsters, Inc.",8.1,Buddy Comedy / Computer Animation / Satire / Slapstick / Supernatural Fantasy / Urban Adventure / Adventure / Animation / Comedy / Family / Animation style / Authentic emotion / Character development / Charming / Comedic brilliance / Creature design / Friendship / Worldbuilding,2001,1h 32m,https://www.imdb.com/title/tt0198781/?ref_=chttp_t_196
In the Name of the Father,8.1,Docudrama / Legal Drama / Period Drama / Prison Drama / Tragedy / True Crime / Biography / Crime / Drama / Character development / Dramatic tension / Emotional weight / Performance / Family dynamics / Historical accuracy / Social commentary,1993,2h 13m,https://www.imdb.com/title/tt0107207/?ref_=chttp_t_197
How to Train Your Dragon,8.1,Computer Animation / Sword & Sorcery / Teen Adventure / Teen Fantasy / Action / Adventure / Animation / Family / Fantasy / Action sequences / Animation style / Character development / Courage / Creature design / Family dynamics / Friendship / Social commentary / Formulaic,2010,1h 38m,https://www.imdb.com/title/tt0892769/?ref_=chttp_t_198
Wild Tales,8.1,Dark Comedy / Comedy / Drama / Thriller / Comedic brilliance / Dark humor / Thrilling / Unpredictable / Social commentary / Surreal,2014,2h 2m,https://www.imdb.com/title/tt3011894/?ref_=chttp_t_199
The Gold Rush,8.1,Farce / Feel-Good Romance / Romantic Comedy / Slapstick / Adventure / Comedy / Drama / Romance / Western / Authentic emotion / Comedic brilliance / Enduring legacy / Historical accuracy / Iconic scene / Physical comedy / Practical effects / Romantic / Technical achievement,1925,1h 35m,https://www.imdb.com/title/tt0015864/?ref_=chttp_t_200
Jaws,8.1,Monster Horror / Sea Adventure / Survival / Adventure / Drama / Horror / Thriller / Character development / Chemistry / Cinematography / Direction / Iconic score / Satisfying ending / Standout performance / Suspenseful / Thrilling / Practical effects,1975,2h 4m,https://www.imdb.com/title/tt0073195/?ref_=chttp_t_201
Sherlock Jr.,8.2,Bumbling Detective / Farce / Feel-Good Romance / Slapstick / Action / Comedy / Romance / Comedic brilliance / Dreamlike / Nostalgic / Physical comedy / Special effects / Stunts / Technical achievement / Dramatic depth / Dubbing / Iconic ending,1924,45m,https://www.imdb.com/title/tt0015324/?ref_=chttp_t_202
Mary and Max,8.1,Adult Animation / Coming-of-Age / Dark Comedy / Psychological Drama / Stop Motion Animation / Animation / Comedy / Drama / Animation style / Authentic emotion / Friendship / Soundtrack / Dark humor / Mental health / Narration / Social commentary / Family dynamics,2009,1h 32m,https://www.imdb.com/title/tt0978762/?ref_=chttp_t_203
Ford v Ferrari,8.1,Car Action / Docudrama / Motorsport / Period Drama / Action / Biography / Drama / Sport / Action sequences / Character development / Chemistry / Cinematography / Dramatic tension / Friendship / Performance / Sound design / Thrilling / Historical accuracy,2019,2h 32m,https://www.imdb.com/title/tt1950186/?ref_=chttp_t_204
The Deer Hunter,8.1,Epic / War Epic / Drama / War / Character development / Cinematography / Direction / Friendship / Soundtrack / Realism / Symbolism / Editing / Mental health / Pacing,1978,3h 3m,https://www.imdb.com/title/tt0077416/?ref_=chttp_t_205
The General,8.1,Farce / Slapstick / Action / Adventure / Comedy / Drama / War / Action sequences / Authentic emotion / Comedic brilliance / Enduring legacy / Historical accuracy / Romantic / Stunts / Technical achievement,1926,1h 18m,https://www.imdb.com/title/tt0017925/?ref_=chttp_t_206
The Wages of Fear,8.1,Psychological Drama / Survival / Adventure / Drama / Thriller / Action sequences / Cinematography / Direction / Dramatic tension / Performance / Suspenseful / Existential / Social commentary,1953,2h 36m,https://www.imdb.com/title/tt0046268/?ref_=chttp_t_207
Mr. Smith Goes to Washington,8.1,Political Drama / Comedy / Drama / Authentic emotion / Character development / Courage / Direction / Dramatic tension / Inspirational / Performance / Social commentary,1939,2h 9m,https://www.imdb.com/title/tt0031679/?ref_=chttp_t_208
On the Waterfront,8.1,Legal Drama / Legal Thriller / Crime / Drama / Thriller / Atmospheric / Authentic emotion / Cinematography / Dramatic tension / Inner conflict / Performance / Realism / Social commentary,1954,1h 48m,https://www.imdb.com/title/tt0047296/?ref_=chttp_t_209
Wild Strawberries,8.1,Psychological Drama / Drama / Romance / Artistic vision / Cinematography / Personal growth / Existential / Family dynamics / Inner conflict / Meaning of life / Nostalgic / Symbolism,1957,1h 32m,https://www.imdb.com/title/tt0050986/?ref_=chttp_t_210
Logan,8.1,Dystopian Sci-Fi / Road Trip / Superhero / Action / Drama / Sci-Fi / Thriller / Action sequences / Cinematography / Direction / Emotional weight / Family dynamics / Performance / Dark tone / Unpredictable / Thin story,2017,2h 17m,https://www.imdb.com/title/tt3315342/?ref_=chttp_t_211
Rocky,8.1,Boxing / Drama / Sport / Authentic emotion / Character development / Enduring legacy / Iconic performance / Iconic score / Inspirational / Romantic / Standout performance / Thin story,1976,2h,https://www.imdb.com/title/tt0075148/?ref_=chttp_t_212
The Third Man,8.1,Film Noir / Hard-boiled Detective / Whodunnit / Drama / Mystery / Thriller / Atmospheric / Cinematography / Dark tone / Direction / Historical accuracy / Iconic imagery / Social commentary / Suspenseful / Musical score,1949,1h 44m,https://www.imdb.com/title/tt0041959/?ref_=chttp_t_213
Tokyo Story,8.1,Psychological Drama / Drama / Authentic emotion / Cinematography / Thought-provoking / Emotional weight / Family dynamics / Generational appeal / Human experience / Social commentary / Traditional values,1953,2h 17m,https://www.imdb.com/title/tt0046438/?ref_=chttp_t_214
Spotlight,8.1,Docudrama / Legal Drama / Period Drama / True Crime / Workplace Drama / Biography / Crime / Drama / Authentic emotion / Courage / Historical accuracy / Performance / Thought-provoking / Dark tone / Religious themes,2015,2h 9m,https://www.imdb.com/title/tt1895587/?ref_=chttp_t_215
The Big Lebowski,8.1,Buddy Comedy / Drug Crime / Satire / Stoner Comedy / Comedy / Crime / Comedic brilliance / Dark humor / Great ensemble / Iconic lines / Philosophical elements / Rewatchable / Surreal / Narrative complexity,1998,1h 57m,https://www.imdb.com/title/tt0118715/?ref_=chttp_t_216
The Terminator,8.1,Artificial Intelligence / Cyberpunk / Dystopian Sci-Fi / Time Travel / Urban Adventure / Action / Adventure / Sci-Fi / Action sequences / Atmospheric / Character development / Direction / Iconic lines / Iconic performance / Suspenseful / Thrilling / Dystopian elements / Special effects,1984,1h 47m,https://www.imdb.com/title/tt0088247/?ref_=chttp_t_217
Maharaja,8.4,One-Person Army Action / Action / Crime / Drama / Thriller / Action sequences / Cinematography / Non-linear structure / Satisfying ending / Suspenseful / Thought-provoking / Unpredictable / Dark tone / Social commentary,2024,N/A,https://www.imdb.com/title/tt26548265/?ref_=chttp_t_218
Pirates of the Caribbean: The Curse of the Black Pearl,8.1,Sea Adventure / Supernatural Fantasy / Swashbuckler / Sword & Sandal / Action / Adventure / Fantasy / Action sequences / Character development / Comedic brilliance / Iconic performance / Special effects / Standout performance / Visual spectacle / Adaptation / Pacing / Thin story,2003,2h 23m,https://www.imdb.com/title/tt0325980/?ref_=chttp_t_219
The Seventh Seal,8.1,Psychological Drama / Drama / Fantasy / Atmospheric / Cinematography / Dark humor / Performance / Existential / Philosophical elements / Religious themes / Symbolism / Thought-provoking,1957,1h 36m,https://www.imdb.com/title/tt0050976/?ref_=chttp_t_220
Room,8.1,Psychological Drama / Drama / Thriller / Cinematography / Emotional weight / Family dynamics / Performance / Psychological depth / Social commentary / Standout performance / Survival / Realism,2015,1h 58m,https://www.imdb.com/title/tt3170832/?ref_=chttp_t_221
La haine,8.1,Gangster / Psychological Drama / Crime / Drama / Atmospheric / Cinematography / Friendship / Realism / Identity / Inner conflict / Social commentary,1995,1h 38m,https://www.imdb.com/title/tt0113247/?ref_=chttp_t_222
Jai Bhim,8.6,Legal Drama / Crime / Drama / Authentic emotion / Cinematography / Direction / Performance / Realism / Thought-provoking / Social commentary,2021,2h 44m,https://www.imdb.com/title/tt15097216/?ref_=chttp_t_223
Hotel Rwanda,8.1,Docudrama / Epic / Biography / Drama / History / War / Authentic emotion / Courage / Human experience / Survival / Historical accuracy / Realism / Social commentary,2004,2h 1m,https://www.imdb.com/title/tt0395169/?ref_=chttp_t_224
Platoon,8.1,Drama / War / Atmospheric / Authentic emotion / Performance / Action sequences / Character development / Historical accuracy / Inner conflict / Morality / Realism / Social commentary,1986,2h,https://www.imdb.com/title/tt0091763/?ref_=chttp_t_225
The Best Years of Our Lives,8.1,Epic / Feel-Good Romance / Drama / Romance / War / Authentic emotion / Courage / Family dynamics / Historical accuracy / Human experience / Realism / Adaptation / Mental health / Social commentary,1946,2h 50m,https://www.imdb.com/title/tt0036868/?ref_=chttp_t_226
Before Sunset,8.1,Feel-Good Romance / Drama / Romance / Atmospheric / Authentic emotion / Character development / Chemistry / Cinematography / Dialogue / Personal growth / Realism / Romantic / Bittersweet,2004,1h 20m,https://www.imdb.com/title/tt0381681/?ref_=chttp_t_227
The Exorcist,8.1,Body Horror / Psychological Drama / Psychological Horror / Supernatural Horror / Tragedy / Horror / Atmospheric / Direction / Horror craft / Iconic performance / Practical effects / Sound design / Suspenseful / Religious themes / Supernatural themes,1973,2h 2m,https://www.imdb.com/title/tt0070047/?ref_=chttp_t_228
The Sound of Music,8.1,Classic Musical / Epic / Period Drama / Biography / Drama / Family / Musical / Romance / Authentic emotion / Cinematography / Escapism / Family dynamics / Generational appeal / Musical score / Nostalgic / Performance / Romantic / Uplifting,1965,2h 52m,https://www.imdb.com/title/tt0059742/?ref_=chttp_t_229
The Incredibles,8.0,Computer Animation / Superhero / Action / Adventure / Animation / Family / Action sequences / Animation style / Character development / Family dynamics / Originality / Social commentary / Pacing,2004,1h 55m,https://www.imdb.com/title/tt0317705/?ref_=chttp_t_230
The Wizard of Oz,8.1,Adventure Epic / Classic Musical / Fairy Tale / Fantasy Epic / Quest / Adventure / Family / Fantasy / Musical / Character development / Enduring legacy / Generational appeal / Musical score / Production design / Special effects / Adaptation / Allegorical elements / Symbolism,1939,1h 42m,https://www.imdb.com/title/tt0032138/?ref_=chttp_t_231
The Passion of Joan of Arc,8.1,Legal Drama / Period Drama / Psychological Drama / Tragedy / Biography / Drama / History / Atmospheric / Authentic emotion / Camera work / Cinematography / Dramatic tension / Performance / Religious themes / Technical achievement / Historical accuracy,1928,1h 54m,https://www.imdb.com/title/tt0019254/?ref_=chttp_t_232
Hachi: A Dog's Tale,8.1,Animal Adventure / Biography / Drama / Family,2009,1h 33m,https://www.imdb.com/title/tt1028532/?ref_=chttp_t_233
Rush,8.1,Docudrama / Motorsport / Period Drama / Biography / Drama / Sport / Action sequences / Character development / Cinematography / Direction / Dramatic tension / Editing / Performance / Sound design / Thrilling,2013,2h 3m,https://www.imdb.com/title/tt1979320/?ref_=chttp_t_234
Stand by Me,8.1,Coming-of-Age / Dark Comedy / Quest / Adventure / Comedy / Drama / Authentic emotion / Dramatic tension / Friendship / Personal growth / Realism / Relatable / Bittersweet / Family dynamics / Inner conflict,1986,1h 29m,https://www.imdb.com/title/tt0092005/?ref_=chttp_t_235
My Father and My Son,8.2,Coming-of-Age / Political Drama / Drama / Family / Authentic emotion / Dramatic depth / Emotional weight / Family dynamics / Generational appeal / Heartfelt / Rural charm,2005,1h 52m,https://www.imdb.com/title/tt0476735/?ref_=chttp_t_236
Network,8.1,Dark Comedy / Workplace Drama / Drama / Enduring legacy / Performance / Thought-provoking / Ambitious / Dialogue / Social commentary / Dystopian elements / Pacing,1976,2h 1m,https://www.imdb.com/title/tt0074958/?ref_=chttp_t_237
I'm Still Here,8.2,Docudrama / Period Drama / Political Drama / Biography / Drama / History / Authentic emotion / Cinematography / Courage / Direction / Emotional weight / Family dynamics / Historical accuracy / Performance,2024,2h 17m,https://www.imdb.com/title/tt14961016/?ref_=chttp_t_238
The Iron Giant,8.1,Alien Invasion / Artificial Intelligence / Hand-Drawn Animation / High-Concept Comedy / Kaiju / Space Sci-Fi / Action / Adventure / Animation / Comedy / Animation style / Character development / Friendship / Generational appeal / Heartfelt / Inspirational / Nostalgic / Social commentary,1999,1h 26m,https://www.imdb.com/title/tt0129167/?ref_=chttp_t_239
A Silent Voice: The Movie,8.1,Anime / Coming-of-Age / Psychological Drama / Shōnen / Slice of Life / Animation / Drama / Authentic emotion / Friendship / Personal growth / Sound design / Character development / Dramatic depth / Inner conflict / Mental health / Social commentary,2016,2h 10m,https://www.imdb.com/title/tt5323662/?ref_=chttp_t_240
The Handmaiden,8.1,Dark Romance / Erotic Thriller / Psychological Thriller / Steamy Romance / Drama / Romance / Thriller / Atmospheric / Authentic emotion / Cinematography / Dramatic tension / Performance / Sexuality / Social commentary,2016,2h 25m,https://www.imdb.com/title/tt4016934/?ref_=chttp_t_241
The Battle of Algiers,8.1,Docudrama / Political Drama / Drama / War / Atmospheric / Authentic emotion / Cinematography / Realism / Dramatic tension / Historical accuracy / Identity / Social commentary,1966,2h 1m,https://www.imdb.com/title/tt0058946/?ref_=chttp_t_242
To Be or Not to Be,8.1,Screwball Comedy / Comedy / Romance / War / Comedic brilliance / Enduring legacy / Great ensemble / Iconic performance / Dark humor / Historical accuracy / Social commentary / Suspenseful,1942,1h 39m,https://www.imdb.com/title/tt0035446/?ref_=chttp_t_243
The Grapes of Wrath,8.1,Period Drama / Tragedy / Drama / Cinematography / Performance / Adaptation / Character development / Family dynamics / Historical accuracy / Social commentary / Survival,1940,2h 9m,https://www.imdb.com/title/tt0032551/?ref_=chttp_t_244
Into the Wild,8.0,Coming-of-Age / Docudrama / Road Trip / Survival / Tragedy / Adventure / Biography / Drama / Cinematography / Environmentalism / Freedom / Soundtrack / Character development / Escapism / Family dynamics / Philosophical elements / Social commentary / Survival,2007,2h 28m,https://www.imdb.com/title/tt0758758/?ref_=chttp_t_245
Groundhog Day,8.0,Feel-Good Romance / High-Concept Comedy / Holiday Comedy / Holiday Romance / Romantic Comedy / Comedy / Drama / Fantasy / Romance / Character development / Chemistry / Comedic brilliance / Personal growth / Philosophical elements / Romantic / Thought-provoking / Existential,1993,1h 41m,https://www.imdb.com/title/tt0107048/?ref_=chttp_t_246
The Help,8.1,Period Drama / Drama / Authentic emotion / Character development / Courage / Emotional weight / Friendship / Performance / Social commentary / Historical accuracy,2011,2h 26m,https://www.imdb.com/title/tt1454029/?ref_=chttp_t_247
Autumn Sonata,8.1,Tragedy / Drama / Music,1978,1h 39m,https://www.imdb.com/title/tt0077711/?ref_=chttp_t_248
Amores Perros,8.0,Tragedy / Drama / Thriller,2000,2h 34m,https://www.imdb.com/title/tt0245712/?ref_=chttp_t_249
Drishyam,8.2,Suspense Mystery / Crime / Drama / Mystery / Thriller,2015,2h 43m,https://www.imdb.com/title/tt4430212/?ref_=chttp_t_250
